"","plot","area","pct_canopy","num_woody_stems","pct_bunchgrass","num_mounds","pct_bluestem","num_blowouts","num_liatris_stems","num_open_oaks","num_milkweed_stems","litter_depth","pct_nonbunchgrass","tot_grass","avg_liatris","elev_cv","BY00","BY03","BY07","BY10","BY12","BY13","BY15","GY15","GY16","TY04","TY05","TY06","TY07","TY08","TY09","TY10","TY15","TY16","CC04","CC05","CC07","CC08","CC11","CC12","CC13","CC14","CC15","CC16","PP11","DY_pre2015","DY_ge2015","DY_pre2014","DY_ge2014","UDY_ge2015","burned_pre2015","harvest_pre2015","type_pre2015","burnGraze_ge2015","harvest_ge2015","type_ge2015","totgrass.z","bunchgrass.z","oaks.z","canopy.z","numwood.z","mounds.z","blowouts.z","plotlvl_liatris.z","plotlvl_milkweed.z","litter.z","elev_CV.z","nonbunch.z"
"1",1,"SNWR",12.8,5,42,1,1,0,0,5.2,0.25,0.025,5,47,2.625,0.0140190827526764,0,0,0,0,0,0,0,0,0,0,0,0,0,0,0,0,0,0,0,0,0,0,0,0,0,0,0,0,0,0,0,0,0,0,0,0,"none",0,0,"none",1.03288677317772,1.50132107834989,0.691442827025023,-0.859152325208743,-0.703433737820583,1.86812068191265,-0.130188910980824,0.0649866495545562,0,-0.957177961161705,1.7037760007538,-0.399818619224089
"2",2,"SNWR",18.6,2,34,0,1,0,0,2.2,0.2,0.05,17,51,0.7265625,0.0076757952532178,0,1,0,0,0,0,0,0,0,0,0,0,0,0,0,0,0,0,0,0,0,0,0,0,0,0,0,0,0,0,0,0,0,0,0,0,"none",0,0,"none",1.21327029962901,1.05693154556352,-0.0972244006037246,-0.65786248638578,-1.13299306710899,-0.54209406186269,-0.130188910980824,-0.52625422021973,-0.103926632192894,-0.893474069781512,0.0786786752430142,0.763887783286311
"3",3,"SNWR",0,12,52,0.6,2,0,0,12.6,0,0,6,58,0.375,0.00336710185662953,0,0,1,0,1,0,0,0,0,0,0,0,0,0,0,0,0,0,0,0,0,0,0,0,0,0,0,0,0,1,0,1,0,0,1,0,"burned",0,0,"none",1.52894147091876,2.05680799433285,2.63682198850927,-1.30337817640425,0.298871363852354,0.904034784402512,-0.130188910980824,-0.635743270177932,-0.519633160964472,-1.0208818525419,-1.02517261887525,-0.302843085681555
"4",4,"SNWR",6.6,7,35,1.2,1,0,0,11.6,1.2,0.075,17,52,5.73214285714286,0.00691679408687208,1,1,1,0,1,0,0,0,0,0,0,0,0,0,0,0,0,0,0,0,0,0,0,0,0,0,0,0,0,1,0,1,0,0,1,0,"burned",0,0,"none",1.25836618124183,1.11248023716181,2.37393291263302,-1.07432422188157,-0.417060851628316,2.35016363066771,-0.130188910980824,1.03266130061371,1.97460601166499,-0.82977017840132,-0.115771090055071,0.763887783286311
"5",5,"SNWR",0,2.6,50,0,8,0,0,7.8,0.4,0.025,22,72,6.5625,0.00473421258062163,0,0,0,1,1,0,0,0,0,0,0,0,0,0,0,0,0,0,0,0,0,0,0,0,0,0,0,0,0,1,0,1,0,0,1,0,"burned",0,0,"none",2.16028381349825,1.94571061113626,1.37495442430327,-1.30337817640425,-1.04708120125131,-0.54209406186269,-0.130188910980824,1.29126400908641,0.311779896578683,-0.957177961161705,-0.67493025930597,1.24876545099898
"6",6,"SNWR",10.67,10,39.17,0,18.33,0,0,11.17,0,0.1875,7.5,46.67,2.45833333333333,0.00338547110978063,0,0,0,1,1,0,1,0,0,0,0,0,0,0,0,0,0,0,0,0,0,0,0,0,0,0,0,0,0,1,1,1,1,1,1,0,"burned",1,0,"burnGraze",1.01800513224549,1.34411828112671,2.26089061000623,-0.933074283259245,0.0124984776600864,-0.54209406186269,-0.130188910980824,0.0130807295743719,-0.519633160964472,-0.543102667190454,-1.020466569501,-0.157379785367755
"7",7,"SNWR",6.6,8.4,1.4,0.2,0,0,0,2.4,0.6,0.1625,5,6.4,1.70192307692308,0.00311903558252382,0,0,0,1,0,1,0,1,0,0,0,0,0,0,0,0,0,0,0,0,0,0,0,0,0,0,0,0,0,1,1,1,1,1,1,0,"burned",1,0,"burnGraze",-0.798006020302811,-0.753955800540945,-0.0446465854284749,-1.07432422188157,-0.216599831293728,-0.0600511131076228,-0.130188910980824,-0.222492291874157,0.727486425350261,-0.606806558570646,-1.08872512830084,-0.399818619224089
"8",8,"SNWR",0,10.8,0,0,0,0,0,7.6,0.4,0.075,41,41,11.225,0.0049911946106659,0,0,0,1,0,0,0,1,0,0,0,0,0,0,0,0,0,0,0,0,0,0,0,0,0,0,0,0,0,1,1,1,1,1,1,0,"burned",1,0,"burnGraze",0.762311483500798,-0.831723968778559,1.32237660912802,-1.30337817640425,0.127047632136994,-0.54209406186269,-0.130188910980824,2.74333212053206,0.311779896578683,-0.82977017840132,-0.609093607606845,3.09130058830711
"9",9,"SNWR",0,1.8,22,1,0,0,0.4,6.4,0.4,0,32,54,15.65625,0.00455480584504075,0,0,0,1,0,0,0,1,0,0,0,0,0,0,0,0,0,0,0,0,0,0,0,0,0,0,0,0,0,1,1,1,1,1,1,0,"burned",1,0,"burnGraze",1.34855794446747,0.390347246383961,1.00690971807652,-1.30337817640425,-1.16163035572821,1.86812068191265,-0.130188910980824,4.12338076800521,0.311779896578683,-1.0208818525419,-0.720892767894142,2.21852078642431
"10",10,"SNWR",0,0.8,58,0.2,16.25,0,0,10.6,0,0,17,75,0.9375,0.00718116750219871,0,0,1,1,0,0,1,1,1,0,0,0,0,0,0,0,0,0,0,0,0,0,0,0,0,0,0,0,0,1,1,1,1,1,1,0,"burned",1,0,"burnGraze",2.29557145833672,2.39010014392263,2.11104383675677,-1.30337817640425,-1.30481679882435,-0.0600511131076228,-0.130188910980824,-0.46056079024481,-0.519633160964472,-1.0208818525419,-0.0480408271243538,0.763887783286311
"11",11,"SNWR",0,8.8,18,0,11,0,0,7.4,0.4,0,55,73,13.125,0.00686116645722722,0,0,1,1,0,0,1,1,1,0,0,0,0,0,0,0,0,0,0,0,0,0,0,0,0,0,0,0,0,1,1,1,1,1,1,0,"burned",1,0,"burnGraze",2.20537969511107,0.168152479990775,1.26979879395277,-1.30337817640425,-0.159325254055274,-0.54209406186269,-0.130188910980824,3.33505960830617,0.311779896578683,-1.0208818525419,-0.130022424582803,4.44895805790258
"12",12,"SNWR",0,23.6,11,0,0,0,0,7.4,1,0.025,4,15,1.125,0.00680615748614428,0,0,1,1,0,0,1,1,1,0,0,0,0,0,0,0,0,0,0,0,0,0,0,0,0,0,0,0,0,1,1,1,1,1,1,0,"burned",1,0,"burnGraze",-0.41018143843255,-0.220688361197299,1.26979879395277,-1.30337817640425,1.95983410376751,-0.54209406186269,-0.130188910980824,-0.402166630267102,1.55889948289342,-0.957177961161705,-0.144115263949395,-0.496794152766622
"13",13,"SNWR",0,4,48,0.4,1,0,0,9.4,0,0,7,55,6.34722222222222,0.00391154750322886,0,0,1,1,0,0,1,1,1,0,0,0,0,0,0,0,0,0,0,0,0,0,0,0,0,0,0,0,0,1,1,1,1,1,1,0,"burned",1,0,"burnGraze",1.39365382608029,1.83461322793967,1.79557694570527,-1.30337817640425,-0.846620180916717,0.421991835647445,-0.130188910980824,1.22421886244534,-0.519633160964472,-1.0208818525419,-0.885690187367911,-0.205867552139022
"14",14,"SNWR",6,19.4,2,0.2,2,0,0,2,0.6,0.3,8,10,1.70192307692308,0.00725615538948302,0,0,0,0,1,0,1,0,0,0,0,0,0,0,0,0,0,0,0,0,0,0,0,0,0,0,0,0,0,1,1,1,1,1,1,0,"burned",1,0,"burnGraze",-0.635660846496655,-0.720626585581967,-0.149802215778974,-1.09514730865635,1.35845104276375,-0.0600511131076228,-0.130188910980824,-0.222492291874157,0.727486425350261,-0.256435155979588,-0.0288295561419421,-0.108892018596489
"15",15,"SNWR",17.6,5,33,0.2,5,0,0,3.2,0.4,0.125,18,51,0.2625,0.0167538592954199,0,0,0,0,0,0,0,0,0,0,0,0,0,0,0,0,0,0,0,0,0,0,0,0,0,0,0,0,0,0,0,0,0,0,0,0,"none",0,0,"none",1.21327029962901,1.00138285396522,0.165664675272524,-0.692567631010428,-0.703433737820583,-0.0600511131076228,-0.130188910980824,-0.670779766164556,0.311779896578683,-0.702362395640935,2.40440293053765,0.860863316828844
"16",16,"SNWR",92,3.75,12.5,0,0,0,0,0.25,0,0.041666667,5,17.5,0.375,0.00849848795474082,0,0,0,0,0,0,0,0,0,0,0,0,0,0,0,0,0,0,0,0,0,0,0,0,0,0,0,0,0,0,0,0,0,0,0,0,"none",0,0,"none",-0.297441734400497,-0.137365323799855,-0.60985809856241,1.88949512906344,-0.882416791690751,-0.54209406186269,-0.130188910980824,-0.635743270177932,-0.519633160964472,-0.914708699392191,0.289445680376615,-0.399818619224089
"17",17,"SNWR",62,18,0,0,0,0,0,1,0,0.4375,11,11,0.2625,0.00898371222839906,0,0,0,0,0,0,0,0,0,0,0,0,0,0,0,0,1,0,0,0,0,0,0,0,0,0,0,0,0,0,1,0,1,0,0,0,"none",0,1,"harvest",-0.590564964883834,-0.831723968778559,-0.412691291655224,0.84834079032398,1.15799002242916,-0.54209406186269,-0.130188910980824,-0.670779766164556,-0.519633160964472,0.0939362466114702,0.413756090311875,0.182034582031111
"18",18,"SNWR",35.8,6.4,0,0,0,0,0,0,0,0.2,7,7,0.2625,0.0104816486256583,0,0,0,0,0,0,0,0,0,0,0,0,0,0,0,0,1,0,0,0,0,0,0,0,0,0,0,0,0,0,1,0,1,0,0,0,"none",0,1,"harvest",-0.770948491335118,-0.831723968778559,-0.675580367531473,-0.0609339988418199,-0.502972717485996,-0.54209406186269,-0.130188910980824,-0.670779766164556,-0.519633160964472,-0.511250721500358,0.797514895691434,-0.205867552139022
"19",19,"SNWR",18.8,7.4,23,0,2,0,0,3,0.8,0.1,8,31,0.9375,0.0150783214597581,0,0,0,0,0,0,0,0,0,0,0,0,0,0,0,0,0,1,0,0,0,0,0,0,0,0,0,0,0,0,1,0,1,0,0,0,"none",0,1,"harvest",0.311352667372588,0.445895937982257,0.113086860097275,-0.65092145746085,-0.359786274389862,-0.54209406186269,-0.130188910980824,-0.46056079024481,1.14319295412184,-0.766066287021127,1.97514411864266,-0.108892018596489
"20",20,"SNWR",81.6,11.4,0,0,0,0,0,0,0,0.3625,10,10,1.6125,0.00521416896823538,0,0,0,0,0,0,0,0,0,0,0,0,0,0,0,0,0,1,0,0,0,0,0,0,0,0,0,0,0,0,1,0,1,0,0,0,"none",0,1,"harvest",-0.635660846496655,-0.831723968778559,-0.675580367531473,1.5285616249671,0.212959497994674,-0.54209406186269,-0.130188910980824,-0.250341814325063,-0.519633160964472,-0.0971754275291071,-0.551969437817194,0.0850590484885779
"21",21,"SDSF",59.8,8.6,0,0,0,0,0,0,0,1,3,3,1.6125,0.00467015705563958,0,0,0,0,0,0,0,0,0,0,0,0,0,0,0,0,0,1,0,0,0,0,0,0,0,0,0,0,0,0,1,0,1,0,0,0,"none",0,1,"harvest",-0.951332017786403,-0.831723968778559,-0.675580367531473,0.771989472149752,-0.187962542674501,-0.54209406186269,-0.130188910980824,-0.250341814325063,-0.519633160964472,1.5272738026658,-0.691340750292136,-0.593769686309155
"22",22,"SDSF",33.2,9.8,8,0,3,0,0,0,0,0.3625,12,20,4.95394736842105,0.00333877279883806,0,0,0,0,0,0,0,0,0,0,0,0,0,0,0,0,0,0,0,0,0,0,0,0,0,0,0,0,0,0,0,0,0,0,0,0,"none",0,0,"none",-0.184702030368444,-0.387334435992189,-0.675580367531473,-0.151167374865907,-0.0161388109591403,-0.54209406186269,-0.130188910980824,0.790303584014499,-0.519633160964472,-0.0971754275291071,-1.03243028708831,0.279010115573645
"23",23,"SDSF",61,33.6,0,0,0,0,0,0,0,1.25,0,0,0.663461538461538,0.00238122918238665,0,0,0,0,0,0,0,0,0,0,0,0,0,0,0,0,0,0,0,0,0,0,0,1,0,0,0,0,0,1,0,1,0,0,0,1,"clearcut",0,0,"none",-1.08661966262487,-0.831723968778559,-0.675580367531473,0.813635645699331,3.39169853472885,-0.54209406186269,-0.130188910980824,-0.545906100981459,-0.519633160964472,2.16431271646772,-1.27774497135698,-0.884696286936755
"24",24,"SDSF",35.8,9.6,14,0.4,1,0,0,1.8,0,0.5625,3,17,2.13541666666667,0.00692746451199727,0,0,0,0,0,0,0,0,0,0,0,0,0,0,0,0,0,0,0,0,0,0,0,0,0,1,0,0,0,1,0,0,1,0,0,1,"clearcut",0,0,"none",-0.319989675206908,-0.0540422864024104,-0.202380030954224,-0.0609339988418199,-0.0447760995783673,0.421991835647445,-0.130188910980824,-0.0874869903872352,-0.519633160964472,0.412455703512432,-0.113037416177843,-0.593769686309155
"25",25,"SDSF",76,9.2,0,0,0,0,0,0,0,1,8,8,0.2625,0.0114727837927699,0,0,0,0,0,0,0,0,0,0,0,0,0,0,0,0,0,0,0,0,0,0,0,0,0,0,0,0,0,0,0,0,0,0,0,0,"none",0,0,"none",-0.725852609722297,-0.831723968778559,-0.675580367531473,1.33421281506906,-0.102050676816821,-0.54209406186269,-0.130188910980824,-0.670779766164556,-0.519633160964472,1.5272738026658,1.05143545493301,-0.108892018596489
"26",26,"SDSF",92.8,11.8,0,0,0,0,0,0.4,0,1,2.5,2.5,0.201923076923077,0.0050768768798283,0,0,0,0,0,0,0,0,0,0,0,0,0,0,0,1,0,0,0,0,0,0,0,0,0,0,0,0,0,1,0,1,0,0,0,1,"thinned",0,0,"none",-0.973879958592813,-0.831723968778559,-0.570424737180973,1.91725924476316,0.270234075233128,-0.54209406186269,-0.130188910980824,-0.689645571695815,-0.519633160964472,1.5272738026658,-0.587142525227022,-0.642257453080422
"27",27,"SDSF",15.8,2.2,0,0,0,0,0.2,3.8,0,0.6125,8,8,5.175,0.00445843395388278,0,0,0,0,0,0,0,0,0,0,0,0,0,1,0,0,0,0,0,0,0,0,1,0,0,0,0,0,0,1,0,1,0,0,0,1,"clearcut",0,0,"none",-0.725852609722297,-0.831723968778559,0.323398120798274,-0.755036891334796,-1.10435577848976,-0.54209406186269,-0.130188910980824,0.859147225251375,-0.519633160964472,0.539863486272817,-0.745582442229194,-0.108892018596489
"28",28,"SDSF",46.2,14.4,0,0,0,0,0,0,0,1.1,0,0,0.201923076923077,0.00297754805603995,0,0,0,0,0,0,0,0,0,0,0,0,0,0,0,0,0,0,0,0,0,0,0,0,0,0,0,0,0,0,0,0,0,0,0,0,"none",0,0,"none",-1.08661966262487,-0.831723968778559,-0.675580367531473,0.299999505254528,0.642518827283076,-0.54209406186269,-0.130188910980824,-0.689645571695815,-0.519633160964472,1.78208936818657,-1.12497305193692,-0.884696286936755
"29",29,"SDSF",20,1,18,0,0,0,0,0,0,0.025,24,42,0.375,0.00244200910254492,0,0,0,0,0,0,0,0,0,0,0,0,1,0,0,0,0,0,0,0,0,0,0,0,0,0,0,0,0,0,0,0,0,0,0,0,"none",0,0,"none",0.80740736511362,0.168152479990775,-0.675580367531473,-0.609275283911271,-1.27617951020512,-0.54209406186269,-0.130188910980824,-0.635743270177932,-0.519633160964472,-0.957177961161705,-1.26217366299324,1.44271651808404
"30",30,"SDSF",51.2,11,20,0.6,0,0,0,0,0,0.8125,3,23,0.201923076923077,0.00351391817232957,0,0,0,0,0,0,0,0,0,0,0,0,0,0,0,1,0,0,0,0,0,0,0,0,0,0,0,0,0,1,0,1,0,0,0,1,"thinned",0,0,"none",-0.049414385529981,0.279249863187368,-0.675580367531473,0.473525228377772,0.15568492075622,0.904034784402512,-0.130188910980824,-0.689645571695815,-0.519633160964472,1.04949461731436,-0.987559503908307,-0.593769686309155
"31",31,"SDSF",51.2,12.8,0,0,0,0,0,0.2,0.6,0.7,4,4,0.5625,0.00325637233954754,0,0,0,0,0,0,0,0,0,0,0,0,0,0,0,0,0,0,0,0,1,0,0,0,0,0,0,0,1,1,0,1,0,0,0,0,"pines planted",0,0,"none",-0.906236136173582,-0.831723968778559,-0.623002552356223,0.473525228377772,0.413420518329262,-0.54209406186269,-0.130188910980824,-0.577349110200224,0.727486425350261,0.76282710610349,-1.05354059716417,-0.496794152766622
"32",32,"SDSF",37.6,9.8,26,0.2,13,0,0,0,0.2,0.2125,8,34,0.201923076923077,0.00260387783185622,0,0,0,0,0,0,0,0,0,0,0,0,0,0,0,0,0,0,0,0,0,0,0,0,0,0,0,0,0,0,0,0,0,0,0,0,"none",0,0,"none",0.446640312211051,0.612542012777146,-0.675580367531473,0.00153526148254819,-0.0161388109591403,-0.0600511131076228,-0.130188910980824,-0.689645571695815,-0.103926632192894,-0.479398775810261,-1.22070424526464,-0.108892018596489
"33",33,"SDSF",18.6,2.4,69,0,56,0,0,4,0,0.15,2,71,5.625,0.00448783670680062,0,0,0,0,0,0,0,0,0,0,0,0,0,0,0,0,0,0,0,0,0,0,0,0,0,0,1,0,0,0,1,0,1,0,0,0,"none",0,1,"harvest",2.11518793188543,3.00113575150389,0.375975935973524,-0.65786248638578,-1.07571848987053,-0.54209406186269,-0.130188910980824,0.999293209197873,-0.519633160964472,-0.638658504260743,-0.738049702284249,-0.690745219851689
"34",34,"SDSF",38.6,0.4,15,0.2,10,0,0,0,0,0.9625,10,25,0.2625,0.00334341027379847,0,0,0,0,0,0,0,0,0,0,0,0,0,0,0,0,0,0,0,0,0,0,0,0,1,0,0,0,0,1,0,1,0,0,0,1,"clearcut",0,0,"none",0.0407773776956611,0.00150640519588598,-0.675580367531473,0.036240406107197,-1.3620913760628,-0.0600511131076228,-0.130188910980824,-0.670779766164556,-0.519633160964472,1.43171796559551,-1.03124220470107,0.0850590484885779
"35",35,"SDSF",43.8,0.6,10,0.4,5,0,0,0,0,1.5125,1,11,0.1640625,0.00329558437315375,0,0,0,0,0,0,0,0,0,0,0,0,0,0,0,0,0,0,0,0,0,0,0,0,1,0,0,0,0,1,0,1,0,0,0,1,"clearcut",0,0,"none",-0.590564964883834,-0.276237052795596,-0.675580367531473,0.216707158155371,-1.33345408744357,0.421991835647445,-0.130188910980824,-0.701436700152852,-0.519633160964472,2.83320357595974,-1.04349480136085,-0.787720753394222
"36",36,"SDSF",0,9.2,0,0.4,0,0,0,0,0.2,0,0,0,0.201923076923077,0.00247166122705675,0,0,0,0,0,0,0,0,0,0,0,0,0,0,0,0,0,0,0,0,0,0,0,0,0,0,0,0,1,1,0,1,0,0,0,0,"pines planted",0,0,"none",-1.08661966262487,-0.831723968778559,-0.675580367531473,-1.30337817640425,-0.102050676816821,0.421991835647445,-0.130188910980824,-0.689645571695815,-0.103926632192894,-1.0208818525419,-1.25457703612681,-0.884696286936755
"37",37,"SDSF",0,10.4,0,0.4,0,0,0,0,1.4,0,2,2,0.3515625,0.0046318502198149,0,0,0,0,0,0,0,0,0,0,0,0,0,0,0,0,0,0,0,0,0,0,0,0,0,0,0,0,1,1,0,1,0,0,0,0,"pines planted",0,0,"none",-0.996427899399224,-0.831723968778559,-0.675580367531473,-1.30337817640425,0.06977305489854,0.421991835647445,-0.130188910980824,-0.643042540175145,2.39031254043657,-1.0208818525419,-0.701154641977287,-0.690745219851689
"38",38,"SDSF",35.2,1.6,34,0,25,0,0,3.8,0.2,0.0625,16,50,1.47115384615385,0.0159260781979577,0,0,0,0,0,0,0,0,0,0,0,0,0,0,0,0,0,0,0,0,0,0,0,0,0,0,0,0,0,0,0,0,0,0,0,0,"none",0,0,"none",1.16817441801619,1.05693154556352,0.323398120798274,-0.081757085616609,-1.19026764434744,-0.54209406186269,-0.130188910980824,-0.294362027231335,-0.103926632192894,-0.861622124091416,2.1923323208248,0.666912249743778
"39",39,"SDSF",25,17,22,0.2,4,0,0,0,0,0.275,8,30,5.35576923076923,0.00763321247328009,0,0,0,0,0,0,0,0,0,0,0,0,0,0,0,0,0,0,0,0,0,0,0,0,0,0,1,0,0,0,1,0,1,0,0,0,"none",0,1,"harvest",0.266256785759767,0.390347246383961,-0.675580367531473,-0.435749560788027,1.01480357933302,-0.0600511131076228,-0.130188910980824,0.915445184614498,-0.519633160964472,-0.32013904735978,0.0677693223569117,-0.108892018596489
"40",40,"SDSF",18.4,5.8,0,0,0,0,0,0.2,0.2,0.55,8,8,2.765625,0.00453155544231305,0,0,0,0,0,0,0,0,0,0,0,0,0,0,0,0,0,0,0,0,0,0,0,0,0,0,0,0,0,0,0,0,0,0,0,0,"none",0,0,"none",-0.725852609722297,-0.831723968778559,-0.623002552356223,-0.664803515310709,-0.588884583343676,-0.54209406186269,-0.130188910980824,0.108782269537837,-0.103926632192894,0.380603757822336,-0.726849327058938,-0.108892018596489
"41",41,"SDSF",28.6,16.4,21,0.2,14,0,0,0.2,0,0.8125,12,33,0.5625,0.00528308545076738,0,0,0,0,0,0,0,0,0,0,0,0,0,0,0,0,0,0,0,0,0,0,0,0,0,0,0,0,0,0,0,0,0,0,0,0,"none",0,0,"none",0.40154443059823,0.334798554785664,-0.623002552356223,-0.310811040139291,0.928891713475344,-0.0600511131076228,-0.130188910980824,-0.577349110200224,-0.519633160964472,1.04949461731436,-0.534313610069211,0.279010115573645
"42",42,"SDSF",66.8,4.4,16,0,4,0,0,4.4,0,0.675,9,25,6.16346153846154,0.00665085383164311,0,0,0,0,0,0,0,0,0,0,1,0,0,0,0,0,0,0,0,0,0,0,1,0,0,0,0,0,0,1,0,1,0,0,0,1,"clearcut",0,0,"none",0.0407773776956611,0.0570550967941823,0.481131566324023,1.01492548452229,-0.789345603678264,-0.54209406186269,-0.130188910980824,1.16698925836462,-0.519633160964472,0.699123214723298,-0.1839027642942,-0.0119164850539554
"43",43,"SDSF",36,18.4,37,1.6,10,0,0,13.6,0,0.1875,12,49,1.59375,0.00920906613684041,0,0,0,0,0,0,0,0,0,0,0,0,0,0,0,0,0,0,0,0,0,0,1,0,0,0,0,0,0,1,0,1,0,0,0,1,"clearcut",0,0,"none",1.12307853640337,1.22357762035841,2.89971106438552,-0.05399296991689,1.21526459966761,3.31424952817785,-0.130188910980824,-0.256181230322834,-0.519633160964472,-0.543102667190454,0.471489881178631,0.279010115573645
"44",45,"SDSF",69.4,18.6,10,0.8,2,5,2.6,0.2,2.8,0.2625,3,13,2.96875,0.0116796970886187,0,0,0,0,0,0,0,0,0,0,0,0,0,0,0,0,0,0,0,0,0,0,0,0,0,0,0,1,0,0,1,0,1,0,0,0,"none",0,1,"harvest",-0.500373201658192,-0.276237052795596,-0.623002552356223,1.10515886054638,1.24390188828684,1.38607773315758,7.55095683688779,0.172042609513686,5.30025824183762,-0.351990993049877,1.10444491473209,-0.593769686309155
"45",46,"SDSF",24.2,2.4,1,0,1,0,0,0.2,0,0.25,0,1,1.875,0.0123502743476878,0,0,0,0,0,0,0,0,0,0,0,0,0,0,0,0,0,0,0,0,0,0,0,0,0,0,0,0,0,0,0,0,0,0,0,0,"none",0,0,"none",-1.04152378101205,-0.776175277180263,-0.623002552356223,-0.463513676487746,-1.07571848987053,-0.54209406186269,-0.130188910980824,-0.168589990356273,-0.519633160964472,-0.383842938739973,1.27624121284322,-0.884696286936755
"46",47,"SDSF",85.2,13,0,0,0,0,0,0.4,0,1.2,5,5,0.432692307692308,0.00921598048718519,0,0,0,0,0,0,0,0,0,0,0,0,0,0,0,0,0,0,0,1,0,0,0,0,0,0,0,0,0,0,0,0,0,0,0,0,"none",0,0,"none",-0.861140254560761,-0.831723968778559,-0.570424737180973,1.65350014561583,0.442057806948488,-0.54209406186269,-0.130188910980824,-0.617775836338637,-0.519633160964472,2.03690493370734,0.473261280039852,-0.399818619224089
"47",48,"SDSF",24.67,2,38.33,0.67,15,0,0,5,0,0.083333333,0,38.33,1.3125,0.0106089520169154,0,0,0,0,0,0,0,0,0,0,0,0,0,0,0,0,0,0,0,0,0,0,0,0,0,0,0,0,1,1,0,1,0,0,0,0,"pines planted",0,0,"none",0.641905479594566,1.29745738018414,0.638865011849773,-0.447202258514161,-1.13299306710899,1.07274981646679,-0.130188910980824,-0.343772470289395,-0.519633160964472,-0.808535548790641,0.830128962242576,-0.884696286936755
"48",49,"SDSF",77.6,15.6,0,0,0,0,0,0.2,0,0.6625,0,0,4.61607142857143,0.00449997364266179,0,0,0,0,0,0,0,0,0,0,0,0,0,0,1,0,0,0,0,0,0,0,0,0,0,0,0,0,0,0,0,0,0,0,0,0,"none",0,0,"none",-1.08661966262487,-0.831723968778559,-0.623002552356223,1.3897410464685,0.814342558998437,-0.54209406186269,-0.130188910980824,0.685077015032115,-0.519633160964472,0.667271269033202,-0.73494032059383,-0.884696286936755
"49",50,"SDSF",66,8.2,10,0,2,0,0,0,0.6,0.6,0,10,1.9125,0.00762270807134732,0,0,0,0,0,0,0,0,0,1,0,0,0,0,0,0,0,0,0,0,0,0,0,0,0,0,0,0,0,0,0,0,0,0,0,0,"none",0,0,"none",-0.635660846496655,-0.276237052795596,-0.675580367531473,0.987161368822575,-0.245237119912955,-0.54209406186269,-0.130188910980824,-0.156911158360732,0.727486425350261,0.508011540582721,0.0650781822361958,-0.884696286936755
"50",51,"SDSF",77.4,19.6,0,0,0,0,0,0,0,0.95,0,0,2.8625,0.0063688114919865,0,0,0,0,0,0,0,0,0,1,0,0,0,0,0,0,0,0,0,0,0,0,0,0,0,0,0,0,0,0,0,0,0,0,0,0,"none",0,0,"none",-1.08661966262487,-0.831723968778559,-0.675580367531473,1.38280001754357,1.38708833138297,-0.54209406186269,-0.130188910980824,0.138952585526319,-0.519633160964472,1.39986601990541,-0.256159658199116,-0.884696286936755
"51",52,"SDSF",62.4,20.2,0,0,0,0,0,0,0,0.7625,2,2,0.2625,0.0090248786794699,0,0,0,0,0,0,0,0,0,0,0,0,0,0,0,0,1,0,0,0,0,0,0,0,0,0,0,0,0,0,1,0,1,0,0,0,"none",0,1,"harvest",-0.996427899399224,-0.831723968778559,-0.675580367531473,0.862222848173839,1.47300019724065,-0.54209406186269,-0.130188910980824,-0.670779766164556,-0.519633160964472,0.922086834553971,0.424302591560904,-0.690745219851689
"52",53,"SDSF",80.25,10,0,0,0,0,0,0,0,0.4375,0,0,0.2625,0.0156848357699204,0,0,0,0,0,0,0,0,0,0,0,0,0,0,1,0,0,0,0,0,0,0,0,0,0,0,0,0,0,0,0,0,0,0,0,0,"none",0,0,"none",-1.08661966262487,-0.831723968778559,-0.675580367531473,1.48170967972382,0.0124984776600864,-0.54209406186269,-0.130188910980824,-0.670779766164556,-0.519633160964472,0.0939362466114702,2.13052802382003,-0.884696286936755
"53",54,"SDSF",59.6,8.2,0,0,0,0,0,0,0.2,0.325,22.5,22.5,0.2625,0.0101960293937976,0,0,0,0,0,0,0,0,0,0,0,0,0,0,0,0,1,0,0,0,0,0,0,0,0,0,0,0,0,0,1,0,1,0,0,0,"none",0,1,"harvest",-0.0719623263363916,-0.831723968778559,-0.675580367531473,0.765048443224822,-0.245237119912955,-0.54209406186269,-0.130188910980824,-0.670779766164556,-0.103926632192894,-0.192731264599396,0.724341631851362,1.29725321777024
"54",55,"SDSF",48.6,3.6,0,0.2,0,0,0,0.4,0.5,0.2625,13.75,13.75,5.125,0.00991902602253012,0,0,0,0,0,0,0,0,0,0,0,0,0,0,0,0,1,0,1,0,0,0,0,0,0,0,0,0,0,0,1,0,1,0,0,0,"none",0,1,"harvest",-0.466551290448576,-0.831723968778559,-0.570424737180973,0.383291852353685,-0.903894758155171,-0.0600511131076228,-0.130188910980824,0.84357544925732,0.519633160964472,-0.351990993049877,0.653375679599836,0.448717299273078
"55",56,"SDSF",63.2,27.2,0,0,0,0,0,0,0,0.85,0,0,0.201923076923077,0.00818195343403273,0,0,0,0,0,0,0,0,0,0,0,0,0,0,0,0,0,0,1,0,0,0,0,0,0,0,0,0,0,0,0,0,0,0,0,0,"none",0,0,"none",-1.08661966262487,-0.831723968778559,-0.675580367531473,0.889986963873558,2.47530529891359,-0.54209406186269,-0.130188910980824,-0.689645571695815,-0.519633160964472,1.14505045438464,0.208352177507879,-0.884696286936755
"56",57,"SDSF",67,9.5,0,0,0,0,0,0.2,0,0.25,5,5,0.2625,0.0118186319481873,0,0,0,0,0,0,0,0,0,0,0,0,0,0,0,0,0,0,1,0,0,0,0,0,0,0,0,0,0,0,0,0,0,0,0,0,"none",0,0,"none",-0.861140254560761,-0.831723968778559,-0.623002552356223,1.02186651344722,-0.0590947438879806,-0.54209406186269,-0.130188910980824,-0.670779766164556,-0.519633160964472,-0.383842938739973,1.14003886640531,-0.399818619224089
"57",58,"SDSF",81,13,1,0,0,0,0,0.2,0,0.475,19,20,1.59375,0.0113813305647665,0,0,0,0,0,0,0,0,0,1,1,1,0,0,0,0,0,0,0,0,0,0,0,0,0,0,0,0,0,0,0,0,0,0,0,0,"none",0,0,"none",-0.184702030368444,-0.776175277180263,-0.623002552356223,1.50773853819231,0.442057806948488,-0.54209406186269,-0.130188910980824,-0.256181230322834,-0.519633160964472,0.189492083681759,1.02800590105417,0.957838850371378
"58",59,"SDSF",48.2,14.4,8,0,0,0,0,0.8,0,0.2125,10,18,0.375,0.0128777837464952,0,0,0,0,0,0,0,0,0,0,0,0,0,0,0,0,0,0,0,0,0,0,0,0,0,0,0,0,0,0,0,0,0,0,0,0,"none",0,0,"none",-0.274893793594086,-0.387334435992189,-0.465269106830473,0.369409794503826,0.642518827283076,-0.54209406186269,-0.130188910980824,-0.635743270177932,-0.519633160964472,-0.479398775810261,1.41138471899154,0.0850590484885779
"59",60,"SDSF",20.4,10.8,24,2,7.6,0,1.4,0.4,1.2,0.0375,0,24,3.16071428571429,0.0129481179112367,0,0,0,0,0,0,0,0,0,0,0,0,0,0,0,0,0,0,0,0,0,1,0,0,0,0,0,0,0,0,0,0,0,0,0,0,"none",0,0,"none",-0.00431850391715996,0.501444629580553,-0.570424737180973,-0.595393226061412,0.127047632136994,4.27833542568799,-0.130188910980824,0.23182710663372,1.97460601166499,-0.925326015471608,1.42940374509168,-0.884696286936755
